Format,OpenTRACK,,,,,,
Name,Portaria,,,,,,
Country,Greece,,,,,,
City,Volos,,,,,,
Type,Hillclimb,,,,,,
Config,Open,,,,,,
Direction,Forward,,,,,,
Mirror,On,,,,,,
Export Frequency,20,Hz,,,,,
,,,,,,,
Distance,Speed,Yaw Velocity,Lateral Acceleration,Elevation,Banking,Grip Factor,Sector
km,km/h,deg/s,G,m,deg,,
,,,,,,,
0,0.1,-0.022096,0,379,0,1,1
0,0,-0.022096,0,379,0,1,1
0,0,-0.022096,0,379,0,1,1
0,0,-0.022096,0,379,0,1,1
0,0,-0.022096,0,379,0,1,1
0,0,-0.022096,0,379,0,1,1
0,0,-0.022096,0,379,0,1,1
0,0,-0.022096,0,379,0,1,1
0,0,-0.022096,0,379,0,1,1
0,0,-0.022096,0,379,0,1,1
0,0,-0.022096,0,379,0,1,1
0,0,-0.022096,0,379,0,1,1
0,0,-0.022096,0,379,0,1,1
0,0,-0.022096,0,379,0,1,1
0,0,-0.022096,0,379,0,1,1
0,0,-0.022096,0,379,0,1,1
0,0,-0.022096,0,379,0,1,1
0,0,-0.022096,0,379,0,1,1
0,0,-0.022096,0,379,0,1,1
0,0,-0.022096,0,379,0,1,1
0,0,-0.022096,0,379,0,1,1
0,0.183,-0.022096,0,379,0,1,1
0,0.428,-0.022096,0,379,0,1,1
0,0.835,-0.022096,0,379,0,1,1
0,1.552,-0.480691,0,379,0,1,1
0,2.376,-1.561289,0,379,0,1,1
0,3.2,-2.795211,0,379,0,1,1
0,4.414,-4.004839,0,379,0,1,1
0.001,5.672,-5.227303,0,379,0,1,1
0.001,8.336,-5.704003,-0.009101,379,0,1,1
0.001,13.585,-4.814544,-0.017488,379,0,1,1
0.002,17.629999,-4.014465,-0.020777,379,0,1,1
0.002,21.441,-3.259078,-0.022217,378.070007,0,1,1
0.003,25.120001,-2.554569,-0.021701,378,0,1,1
0.004,28.632,-1.756553,-0.018546,378,0,1,1
0.005,31.931999,-0.955558,-0.012663,378.01001,0,1,1
0.006,35.232002,-0.320034,-0.004206,379,0,1,1
0.007,38.659,0.230006,0.001734,379,0,1,1
0.008,42.450001,0.181877,-0.001529,379,0,1,1
0.009,46.029003,-0.34066,-0.011382,379,0,1,1
0.011,49.444,-1.019501,-0.025824,379,0,1,1
0.012,52.774998,-1.512703,-0.039418,379,0,1,1
0.014,55.262001,-1.814537,-0.047563,379,0,1,1
0.015,57.360001,-1.810641,-0.048615,379,0,1,1
0.017,58.77,-1.691465,-0.046129,379,0,1,1
0.019,59.77,-1.502618,-0.042191,379,0,1,1
0.021,60.598,-1.306209,-0.037831,379,0,1,1
0.022,61.18,-1.093756,-0.03235,379,0,1,1
0.024,62.396999,-0.756169,-0.022963,379,0,1,1
0.026,65.017998,-0.22286,-0.007329,379,0,1,1
0.028,68.68,0.183023,0.00564,379,0,1,1
0.03,72.086998,0.343222,0.011096,379,0,1,1
0.032,74.450005,0.344597,0.011472,379,0,1,1
0.034,76.866005,0.260946,0.00847,379.529999,0,1,1
0.037,78.964005,0.091579,0.001734,380,0,1,1
0.039,80.862,-0.188483,-0.009432,380,0,1,1
0.041,82.653999,-0.590011,-0.024932,380,0,1,1
0.044,84.144997,-1.023626,-0.042414,380,0,1,1
0.046,85.552002,-1.432947,-0.058837,380,0,1,1
0.049,86.994003,-1.769158,-0.072782,380,0,1,1
0.051,88.349007,-1.972673,-0.082992,380,0,1,1
0.054,89.916,-2.050824,-0.088307,380,0,1,1
0.056,91.801003,-2.04372,-0.089729,380,0,1,1
0.059,93.676003,-1.963735,-0.087772,380,0,1,1
0.062,95.445007,-1.81087,-0.081896,380,0,1,1
0.064,97.372002,-1.544788,-0.070845,380,0,1,1
0.067,99.056007,-1.15724,-0.053229,380.910004,0,1,1
0.07,100.891998,-0.648224,-0.029457,381,0,1,1
0.073,102.552002,-0.039972,0.001013,381,0,1,1
0.076,103.900002,0.642535,0.03569,381,0,1,1
0.079,105.124001,1.391964,0.075421,381,0,1,1
0.082,106.355003,2.220461,0.119562,381,0,1,1
0.085,107.480003,3.097545,0.167132,381,0,1,1
0.088,108.499001,4.028258,0.218895,381,0,1,1
0.091,109.412003,5.056144,0.276152,381.140015,0,1,1
0.095,110.252998,6.192892,0.339597,382,0,1,1
0.098,111.199997,7.463025,0.408906,382,0,1,1
0.101,112.207001,8.708864,0.479509,382,0,1,1
0.104,113.134003,9.906575,0.547766,382,0,1,1
0.107,113.996002,10.953942,0.609688,382,0,1,1
0.111,114.903,11.803524,0.663702,382,0,1,1
0.114,116.344002,12.394588,0.705746,382.339996,0,1,1
0.117,117.955002,12.753488,0.7386,383,0,1,1
0.121,119.379997,13.000089,0.765807,383,0,1,1
0.124,120.701996,13.198791,0.791682,383,0,1,1
0.128,122.098,13.453413,0.820285,383,0,1,1
0.131,123.486,13.805209,0.853668,383,0,1,1
0.135,124.824005,14.218427,0.887459,383,0,1,1
0.138,125.940002,14.527824,0.913118,383.540009,0,1,1
0.142,126.913002,14.557388,0.921479,384,0,1,1
0.146,127.900002,14.054332,0.896076,384,0,1,1
0.149,129.119003,12.842182,0.825301,384,0,1,1
0.153,130.326004,10.97686,0.711443,384,0,1,1
0.157,131.113998,8.567458,0.55969,384.690002,0,1,1
0.161,131.660004,5.730401,0.377423,385,0,1,1
0.164,131.875,2.624969,0.177017,385,0,1,1
0.168,131.666,-0.430958,-0.021172,385,0,1,1
0.172,131.200012,-3.203157,-0.202286,385.799988,0,1,1
0.176,130.602005,-5.694149,-0.362452,386,0,1,1
0.179,129.554001,-7.829906,-0.496653,386,0,1,1
0.183,128.865997,-9.499276,-0.598267,386,0,1,1
0.187,128.063995,-10.746032,-0.673726,386,0,1,1
0.19,127.335007,-11.710435,-0.73085,386,0,1,1
0.194,126.908005,-12.452529,-0.774156,386.980011,0,1,1
0.198,126.597,-13.021361,-0.809036,387,0,1,1
0.201,126.292,-13.487062,-0.837085,387,0,1,1
0.205,126.105995,-13.784083,-0.86022,387,0,1,1
0.208,126.227005,-13.962617,-0.878855,387,0,1,1
0.212,126.571999,-14.016933,-0.892685,387,0,1,1
0.216,127.190002,-13.925488,-0.900919,387,0,1,1
0.219,127.952003,-13.700661,-0.902742,387,0,1,1
0.223,129.247009,-13.407764,-0.899568,387,0,1,1
0.227,129.848007,-13.071782,-0.890773,387.23999,0,1,1
0.231,130.054001,-12.711506,-0.877408,388,0,1,1
0.234,129.98999,-12.333813,-0.85739,388,0,1,1
0.238,129.070999,-11.948556,-0.829055,388,0,1,1
0.242,127.604996,-11.527088,-0.791905,388,0,1,1
0.245,125.550003,-11.028844,-0.744291,388,0,1,1
0.249,122.647003,-10.420134,-0.686282,388,0,1,1
0.252,119.512001,-9.621201,-0.616903,388,0,1,1
0.255,116.496002,-8.625171,-0.538659,388,0,1,1
0.259,113.300003,-7.527843,-0.459828,388,0,1,1
0.262,110.316002,-6.4791,-0.38674,388,0,1,1
0.265,107.375999,-5.603162,-0.323581,388.559998,0,1,1
0.268,104.447998,-4.851213,-0.270703,389,0,1,1
0.271,101.897003,-4.126536,-0.222725,389,0,1,1
0.274,99.463997,-3.512096,-0.18337,389,0,1,1
0.276,96.791,-3.076648,-0.156067,389,0,1,1
0.279,94.010002,-2.682912,-0.132435,389,0,1,1
0.282,91.156006,-2.264882,-0.109269,389,0,1,1
0.284,88.195999,-1.839976,-0.086778,389,0,1,1
0.287,85.288002,-1.21591,-0.055396,389,0,1,1
0.289,82.486,-0.34341,-0.014467,389.820007,0,1,1
0.291,79.534996,0.733063,0.03091,390,0,1,1
0.293,76.750999,2.150789,0.090277,390,0,1,1
0.296,73.879997,4.669283,0.17673,390,0,1,1
0.298,71.089005,8.189306,0.286222,390,0,1,1
0.3,68.308006,12.395046,0.411277,390,0,1,1
0.301,65.725006,16.893682,0.5411,390,0,1,1
0.303,63.148003,21.606373,0.663007,390,0,1,1
0.305,60.490002,25.970709,0.770523,390,0,1,1
0.307,58.272003,29.772625,0.8611,390,0,1,1
0.308,56.667999,32.964687,0.934181,390,0,1,1
0.31,55.431004,35.466682,0.989966,390,0,1,1
0.311,54.172001,37.061565,1.029633,390,0,1,1
0.313,53.367001,37.827953,1.054368,390,0,1,1
0.314,52.689999,37.89579,1.067222,390,0,1,1
0.316,52.224998,37.420696,1.069746,390,0,1,1
0.317,51.860001,36.583946,1.063845,390,0,1,1
0.319,51.345001,35.57119,1.0515,390,0,1,1
0.32,50.762001,34.555676,1.036401,390.339996,0,1,1
0.322,50.041,33.770725,1.023661,391,0,1,1
0.323,49.288002,33.501205,1.019436,391,0,1,1
0.325,48.338001,34.080349,1.028486,391,0,1,1
0.326,47.115002,35.559727,1.051168,391,0,1,1
0.327,45.728001,37.754616,1.083066,391,0,1,1
0.328,44.184002,40.748436,1.123071,391,0,1,1
0.33,42.428001,44.678696,1.170838,391,0,1,1
0.331,40.688,49.827065,1.225674,391,0,1,1
0.332,39.040001,56.06818,1.28344,391,0,1,1
0.333,37.581001,62.813038,1.337594,391,0,1,1
0.334,36.374001,69.431847,1.383143,391,0,1,1
0.335,35.456001,75.143547,1.415647,391,0,1,1
0.336,35.271,78.287483,1.423964,391,0,1,1
0.337,35.966,77.427132,1.401613,391,0,1,1
0.338,37.278004,73.032318,1.35113,391,0,1,1
0.339,39.119999,66.207237,1.280254,391,0,1,1
0.34,41.575001,58.209209,1.196956,391,0,1,1
0.342,44.150002,50.534325,1.113263,391,0,1,1
0.343,46.903,44.119488,1.039537,391,0,1,1
0.345,49.684002,38.941784,0.977883,391,0,1,1
0.346,52.532001,34.865532,0.92886,391,0,1,1
0.348,55.416,31.629238,0.888938,391,0,1,1
0.349,58.299999,29.107077,0.857836,391,0,1,1
0.351,61.077999,27.034576,0.829628,391,0,1,1
0.353,63.750004,25.128,0.801867,391,0,1,1
0.355,66.324997,23.31035,0.770555,391,0,1,1
0.357,68.888,21.470697,0.732998,390.880005,0,1,1
0.359,71.345001,19.43326,0.6827,390,0,1,1
0.361,73.695999,17.181305,0.620357,390,0,1,1
0.363,75.919998,14.769382,0.547588,390,0,1,1
0.365,78.037003,12.204136,0.46487,390,0,1,1
0.368,80.019997,9.601762,0.3769,390,0,1,1
0.37,82.022003,7.138731,0.289,390,0,1,1
0.372,83.875999,4.998848,0.209144,390,0,1,1
0.375,85.764999,3.207095,0.139191,390,0,1,1
0.377,87.683998,1.779742,0.08029,390,0,1,1
0.38,89.497002,0.688601,0.032351,390,0,1,1
0.382,91.335999,-0.171523,-0.00826,390,0,1,1
0.385,93.181999,-0.953496,-0.046907,390,0,1,1
0.388,94.785995,-1.778555,-0.088167,390,0,1,1
0.39,96.279999,-2.699871,-0.135138,390,0,1,1
0.393,97.550003,-3.792158,-0.190942,389.450012,0,1,1
0.396,98.522003,-5.052207,-0.254661,389.579987,0,1,1
0.399,99.326996,-6.416075,-0.322517,390,0,1,1
0.402,99.919998,-7.823489,-0.392259,390,0,1,1
0.405,100.301003,-9.224485,-0.46079,390,0,1,1
0.408,100.610001,-10.569102,-0.523943,390,0,1,1
0.41,100.627998,-11.729685,-0.576598,390,0,1,1
0.413,100.675003,-12.650085,-0.617884,390,0,1,1
0.416,101.012001,-13.28538,-0.64701,390,0,1,1
0.419,101.423996,-13.629156,-0.663459,390.809998,0,1,1
0.422,102.088005,-13.604403,-0.664396,391,0,1,1
0.425,102.896004,-13.290652,-0.653555,391,0,1,1
0.428,103.900002,-12.750926,-0.6342,391.899994,0,1,1
0.431,105.116005,-12.035187,-0.60733,392,0,1,1
0.434,106.543999,-11.215399,-0.573641,392,0,1,1
0.437,107.887001,-10.184992,-0.530042,392.98999,0,1,1
0.44,109.113998,-8.92288,-0.472849,393,0,1,1
0.443,110.571999,-7.428378,-0.40215,393,0,1,1
0.447,112.447006,-5.74434,-0.319381,393.070007,0,1,1
0.45,114.540001,-3.945711,-0.225867,394,0,1,1
0.453,116.021004,-2.107433,-0.122716,394,0,1,1
0.456,117.676003,-0.286115,-0.013282,394,0,1,1
0.46,118.733002,1.572561,0.103463,394.190002,0,1,1
0.463,119.454002,3.533451,0.226963,395,0,1,1
0.467,119.949997,5.59862,0.358335,395,0,1,1
0.47,119.556999,7.778152,0.499037,395,0,1,1
0.474,118.599998,10.291144,0.645863,395,0,1,1
0.477,117.471001,12.781907,0.782448,395.329987,0,1,1
0.48,115.987999,14.784051,0.894419,396,0,1,1
0.483,114.431999,16.160755,0.972402,396,0,1,1
0.487,113.154007,17.182682,1.015497,396,0,1,1
0.49,111.860001,17.781996,1.0302,396.450012,0,1,1
0.493,110.576004,17.912859,1.024433,397,0,1,1
0.496,109.288002,17.842041,1.010654,397,0,1,1
0.499,108.223007,17.650444,0.988921,397.529999,0,1,1
0.502,107.240005,17.343567,0.960037,398,0,1,1
0.505,106.092003,16.766254,0.917241,398,0,1,1
0.508,104.793999,15.745703,0.85182,398,0,1,1
0.511,103.389999,14.56541,0.776641,398.649994,0,1,1
0.514,101.744003,13.385117,0.700061,399,0,1,1
0.517,99.709,12.107192,0.622805,399,0,1,1
0.52,97.619995,10.887021,0.549117,399,0,1,1
0.523,95.559998,9.812611,0.481816,399,0,1,1
0.525,93.283005,8.874564,0.422347,399,0,1,1
0.528,91.323997,7.935142,0.364969,399.820007,0,1,1
0.53,89.385002,6.796102,0.304067,400,0,1,1
0.533,87.515999,5.39396,0.23507,400,0,1,1
0.535,86.026001,3.662023,0.156131,400,0,1,1
0.538,84.584,1.611522,0.067059,400,0,1,1
0.54,83.141998,-0.799255,-0.034001,400,0,1,1
0.543,81.900002,-3.482761,-0.142123,400,0,1,1
0.545,80.552002,-6.315464,-0.252966,400,0,1,1
0.547,78.925003,-9.111498,-0.359195,400,0,1,1
0.549,77.372002,-11.735186,-0.457852,400,0,1,1
0.551,75.723999,-14.096689,-0.542068,400.109985,0,1,1
0.554,74.090004,-16.249178,-0.615653,401,0,1,1
0.556,72.528,-18.248112,-0.680106,401,0,1,1
0.558,70.920006,-20.066452,-0.737127,401,0,1,1
0.56,69.478004,-21.752781,-0.787157,401,0,1,1
0.562,68.062004,-23.280973,-0.831948,401.26001,0,1,1
0.564,66.723,-24.700993,-0.872565,402,0,1,1
0.565,65.384003,-26.026129,-0.910275,402,0,1,1
0.567,64.092003,-27.18717,-0.943862,402,0,1,1
0.569,62.819,-28.207035,-0.973772,402,0,1,1
0.571,61.560001,-29.160439,-1.002253,402,0,1,1
0.573,60.384003,-30.167698,-1.031959,402.429993,0,1,1
0.574,59.056,-31.324841,-1.064864,403,0,1,1
0.576,57.515999,-32.723087,-1.103435,403,0,1,1
0.577,55.972,-34.495819,-1.15075,403,0,1,1
0.579,54.584999,-36.80484,-1.209574,402.450012,0,1,1
0.581,53.072002,-39.750072,-1.280929,402,0,1,1
0.582,51.439999,-43.378956,-1.36387,402,0,1,1
0.583,49.917999,-47.85009,-1.459717,402,0,1,1
0.585,48.278,-53.262249,-1.56478,402,0,1,1
0.586,46.458,-59.116962,-1.667159,402,0,1,1
0.587,44.892002,-64.688408,-1.75409,402,0,1,1
0.589,43.675003,-69.292694,-1.815413,402,0,1,1
0.59,42.854,-72.230362,-1.842895,402,0,1,1
0.591,42.619003,-72.634865,-1.827344,402,0,1,1
0.592,43.104,-71.141289,-1.782056,402,0,1,1
0.594,43.888,-68.655106,-1.722237,402.859985,0,1,1
0.595,44.711998,-65.664497,-1.656471,403,0,1,1
0.596,45.628002,-62.577171,-1.591343,403,0,1,1
0.598,47.030003,-59.593662,-1.531199,403,0,1,1
0.599,48.667999,-56.462105,-1.473337,403,0,1,1
0.6,50.419003,-53.065609,-1.41427,403,0,1,1
0.602,52.380001,-49.421139,-1.353775,403.040009,0,1,1
0.603,54.467999,-45.538548,-1.290623,404,0,1,1
0.605,56.950001,-41.513405,-1.225571,404,0,1,1
0.607,59.512001,-37.65213,-1.160564,404,0,1,1
0.609,62.204998,-33.936615,-1.095207,404,0,1,1
0.61,64.986,-30.504826,-1.031761,404,0,1,1
0.612,67.704002,-27.471128,-0.970202,404,0,1,1
0.614,70.223999,-24.933382,-0.912544,404,0,1,1
0.616,72.794006,-22.76004,-0.858607,404,0,1,1
0.619,74.910004,-20.944223,-0.809017,404,0,1,1
0.621,76.561996,-19.445824,-0.763436,404,0,1,1
0.623,78.003998,-18.239403,-0.723947,404,0,1,1
0.625,79.329002,-17.3284,-0.691641,404,0,1,1
0.628,80.450996,-16.632143,-0.66604,404,0,1,1
0.63,81.584,-16.102499,-0.646245,404.440002,0,1,1
0.632,82.670006,-15.707847,-0.63223,405,0,1,1
0.635,83.900002,-15.365905,-0.621708,405,0,1,1
0.637,85.289001,-14.951084,-0.61051,405,0,1,1
0.64,86.851997,-14.363458,-0.594469,405,0,1,1
0.642,88.721001,-13.516627,-0.570168,405,0,1,1
0.645,90.802002,-12.378275,-0.535223,405,0,1,1
0.647,93.029999,-10.933504,-0.486309,405,0,1,1
0.65,95.542,-9.298512,-0.426802,405,0,1,1
0.653,98.080002,-7.614933,-0.361999,405,0,1,1
0.656,100.260002,-6.039299,-0.297285,405,0,1,1
0.659,102.32,-4.679097,-0.237798,405,0,1,1
0.662,104.142998,-3.634251,-0.1901,405,0,1,1
0.665,105.566002,-2.929513,-0.155914,405.820007,0,1,1
0.668,106.904999,-2.467479,-0.133073,406,0,1,1
0.671,108.332001,-2.183751,-0.117675,406,0,1,1
0.674,109.592003,-1.965798,-0.106713,406,0,1,1
0.677,111.095001,-1.734093,-0.093348,406,0,1,1
0.68,112.640007,-1.344024,-0.072221,406,0,1,1
0.684,114.185005,-0.806589,-0.041725,406.98999,0,1,1
0.687,115.834,-0.074808,-0.000969,407,0,1,1
0.69,117.555,0.751397,0.047736,407,0,1,1
0.694,118.704002,1.570269,0.098377,407,0,1,1
0.697,119.977005,2.27684,0.141027,407.109985,0,1,1
0.701,120.627998,2.730852,0.170484,408,0,1,1
0.704,120.783005,2.880738,0.184511,408,0,1,1
0.707,120.567001,2.82963,0.185614,408,0,1,1
0.711,119.625999,2.784023,0.184671,408,0,1,1
0.714,117.850006,2.877071,0.191356,408,0,1,1
0.717,115.996002,3.132381,0.203408,408.279999,0,1,1
0.721,114.142006,3.453466,0.21785,409,0,1,1
0.724,111.982002,3.877684,0.235975,409,0,1,1
0.727,109.164001,4.452705,0.261341,409,0,1,1
0.73,106.440002,5.226198,0.294698,409,0,1,1
0.733,104.011002,6.465849,0.349801,409,0,1,1
0.736,101.620003,7.979833,0.418402,409,0,1,1
0.739,99.148003,9.737438,0.494282,409,0,1,1
0.742,96.829002,11.755167,0.574368,409,0,1,1
0.744,94.612,13.770602,0.650324,409.540009,0,1,1
0.747,92.117996,15.612318,0.717447,410,0,1,1
0.75,89.380005,17.290398,0.774347,410,0,1,1
0.752,86.914001,18.875885,0.824855,410,0,1,1
0.754,84.582001,20.554882,0.876191,410.660004,0,1,1
0.757,82.420006,22.459852,0.933984,411,0,1,1
0.759,80.503998,24.607756,0.999883,411,0,1,1
0.761,78.963997,26.957798,1.074093,411,0,1,1
0.764,77.676003,29.495087,1.156951,411,0,1,1
0.766,76.68,31.958117,1.241632,411,0,1,1
0.768,76.001999,34.085163,1.319436,411,0,1,1
0.77,75.470001,35.66584,1.384074,411,0,1,1
0.772,75.518669,36.520691,1.429986,411.890015,0,1,1
0.774,75.656006,36.517025,1.451617,412,0,1,1
0.777,75.793335,36.052471,1.454912,412,0,1,1
0.779,76.094002,35.332153,1.446264,412,0,1,1
0.781,76.300003,34.5158,1.428877,412,0,1,1
0.783,76.797005,33.672867,1.405883,412,0,1,1
0.785,76.688004,33.078365,1.382519,412,0,1,1
0.787,76.473,32.821907,1.363941,412,0,1,1
0.79,76.152008,32.873016,1.350767,412.119995,0,1,1
0.792,75.68,33.153309,1.342616,413,0,1,1
0.794,74.982002,33.546356,1.336708,413,0,1,1
0.796,74.879005,33.861942,1.330131,413,0,1,1
0.798,74.824005,33.966679,1.319564,413,0,1,1
0.8,75.004005,33.777832,1.302624,413.26001,0,1,1
0.803,75.473999,33.186081,1.277061,414,0,1,1
0.805,76.124001,32.186382,1.242856,414,0,1,1
0.807,76.845001,30.950855,1.204349,414,0,1,1
0.809,77.642006,29.751999,1.16797,414.380005,0,1,1
0.811,78.610008,28.717697,1.137627,415,0,1,1
0.814,79.684006,27.907991,1.115391,415,0,1,1
0.816,80.817001,27.354744,1.101861,415,0,1,1
0.818,81.949997,26.975676,1.09492,415.5,0,1,1
0.821,83.124001,26.61265,1.087069,416,0,1,1
0.823,84.360001,26.022274,1.069906,416,0,1,1
0.826,85.538002,24.947863,1.035471,416,0,1,1
0.828,86.975998,23.066727,0.969986,416,0,1,1
0.831,88.559998,20.272528,0.867218,416,0,1,1
0.833,90.238998,16.741962,0.732666,416,0,1,1
0.836,92.130005,12.76403,0.573081,416,0,1,1
0.838,94.306,8.613295,0.397039,416.730011,0,1,1
0.841,96.040001,4.556983,0.215237,417,0,1,1
0.844,97.414001,0.81534,0.039986,417,0,1,1
0.847,98.672005,-2.630887,-0.126508,417,0,1,1
0.85,99.656006,-5.717754,-0.278841,417.839996,0,1,1
0.853,100.408997,-8.440221,-0.414648,418,0,1,1
0.855,101.220001,-10.674526,-0.52783,418,0,1,1
0.858,101.764999,-12.398671,-0.617961,418,0,1,1
0.861,102.472,-13.722662,-0.688793,418,0,1,1
0.864,103.292,-14.61258,-0.74134,418.98999,0,1,1
0.867,104.32,-15.175226,-0.777317,419,0,1,1
0.87,105.355003,-15.378511,-0.798597,419,0,1,1
0.873,106.477005,-15.397074,-0.811891,419,0,1,1
0.876,107.610001,-15.345279,-0.82017,419,0,1,1
0.879,108.755997,-15.247876,-0.825747,419,0,1,1
0.883,109.960007,-15.12618,-0.828621,419,0,1,1
0.886,110.952003,-14.97148,-0.82843,419.190002,0,1,1
0.889,111.797997,-14.748944,-0.82365,420,0,1,1
0.892,112.699997,-14.47782,-0.814817,420,0,1,1
0.895,113.524002,-14.164527,-0.802644,420,0,1,1
0.899,114.286003,-13.855359,-0.790305,420,0,1,1
0.902,114.931,-13.651157,-0.782638,420.329987,0,1,1
0.905,115.543999,-13.606237,-0.782734,421,0,1,1
0.909,115.917,-13.671326,-0.788164,421,0,1,1
0.912,116.225998,-13.775374,-0.796577,421,0,1,1
0.915,116.489998,-13.97591,-0.809495,421,0,1,1
0.919,116.695999,-14.271785,-0.827525,421.480011,0,1,1
0.922,117.412003,-14.975835,-0.867358,422,0,1,1
0.925,119.242004,-16.022285,-0.93044,422,0,1,1
0.929,122.124001,-15.971178,-0.943913,422.570007,0,1,1
0.932,124.326004,-14.943978,-0.900817,423,0,1,1
0.936,125.706001,-13.687826,-0.836193,423,0,1,1
0.94,127.044998,-12.276517,-0.758254,423,0,1,1
0.943,128.315994,-10.719446,-0.669698,423,0,1,1
0.947,129.268005,-9.04916,-0.572367,423.709991,0,1,1
0.951,130.462006,-7.2817,-0.465985,424,0,1,1
0.954,131.80101,-5.434713,-0.350636,424,0,1,1
0.958,133.059998,-3.514846,-0.227524,424,0,1,1
0.962,134.462006,-1.522099,-0.098039,424,0,1,1
0.966,135.804993,0.484399,0.034033,424,0,1,1
0.97,137.056,2.393494,0.166265,424.880005,0,1,1
0.974,138.565002,4.135973,0.28777,425,0,1,1
0.978,139.639999,5.57914,0.389328,425,0,1,1
0.982,140.379013,6.573107,0.466234,425,0,1,1
0.986,141.199997,7.128417,0.517506,425,0,1,1
0.99,140.78801,7.626204,0.554286,426,0,1,1
0.994,140.352005,8.187244,0.591168,426,0,1,1
0.998,139.528,8.653172,0.618764,426,0,1,1
1.002,138.712006,9.050576,0.639566,426,0,1,1
1.006,137.761993,9.461501,0.660662,426.140015,0,1,1
1.01,136.028,9.929723,0.682216,427,0,1,1
1.014,134.459991,10.405736,0.704752,427,0,1,1
1.017,133.292999,11.001154,0.734661,427,0,1,1
1.021,132.314011,11.591071,0.767145,427,0,1,1
1.025,131.412994,12.1104,0.795391,427.290009,0,1,1
1.029,131.264008,12.534389,0.817481,428,0,1,1
1.032,131.470001,12.658607,0.829667,428,0,1,1
1.036,131.714005,12.559141,0.83177,428,0,1,1
1.04,132.139999,12.335458,0.826225,428,0,1,1
1.044,132.457001,12.042333,0.815939,428.429993,0,1,1
1.047,132.492004,11.767084,0.805002,429,0,1,1
1.051,132.453003,11.587175,0.796717,429,0,1,1
1.055,131.884003,11.528733,0.792804,429.519989,0,1,1
1.059,130.839996,11.604364,0.793945,430,0,1,1
1.063,129.546005,11.812462,0.798706,430.579987,0,1,1
1.066,127.963005,12.072126,0.803447,431,0,1,1
1.07,126.148003,12.27312,0.801675,431.640015,0,1,1
1.073,124.444,12.315748,0.787221,432,0,1,1
1.077,122.657997,12.070751,0.753895,432,0,1,1
1.08,120.804001,11.271132,0.687697,432.720001,0,1,1
1.084,118.949997,9.798401,0.585381,433,0,1,1
1.087,116.940002,7.734836,0.453901,433,0,1,1
1.09,114.637001,5.186778,0.299013,433.809998,0,1,1
1.094,112.100006,2.2349,0.128255,434,0,1,1
1.097,109.699005,-1.025918,-0.046709,434,0,1,1
1.1,106.790001,-4.289485,-0.213949,434,0,1,1
1.103,104.292,-7.431128,-0.367276,434.920013,0,1,1
1.106,102.105003,-10.463678,-0.507564,435,0,1,1
1.108,99.942001,-13.28309,-0.632989,435,0,1,1
1.111,98.593002,-15.812353,-0.742806,435,0,1,1
1.114,97.868004,-18.116562,-0.841521,435.040009,0,1,1
1.117,97.064995,-20.171417,-0.929204,436,0,1,1
1.12,96.610001,-21.872414,-1.002381,436,0,1,1
1.122,96.674004,-23.057749,-1.056419,436,0,1,1
1.125,96.484001,-23.52895,-1.080873,436,0,1,1
1.128,96.417999,-23.412066,-1.081447,436.179993,0,1,1
1.131,96.520996,-22.891361,-1.063404,437,0,1,1
1.133,96.671997,-22.028257,-1.031111,437,0,1,1
1.136,97.089005,-20.910303,-0.988035,437.269989,0,1,1
1.139,97.900002,-19.635588,-0.940497,438,0,1,1
1.142,98.962997,-18.391121,-0.895782,438,0,1,1
1.145,100.060005,-17.285084,-0.858066,438.359985,0,1,1
1.148,101.129005,-16.406626,-0.829877,439,0,1,1
1.15,102.304001,-15.75185,-0.811694,439,0,1,1
1.153,103.660004,-15.183934,-0.79701,439,0,1,1
1.156,105.111,-14.473237,-0.773952,439.470001,0,1,1
1.159,106.400002,-13.475143,-0.733558,440,0,1,1
1.163,107.636002,-12.03977,-0.668169,440,0,1,1
1.166,108.536003,-10.081401,-0.569409,440,0,1,1
1.169,109.331001,-7.669707,-0.439211,440,0,1,1
1.172,109.762001,-4.968784,-0.288592,440.619995,0,1,1
1.175,109.215004,-2.123705,-0.12756,441,0,1,1
1.178,107.744003,0.693873,0.031994,441,0,1,1
1.181,106.064003,3.2841,0.174607,441,0,1,1
1.184,103.775002,5.511073,0.292423,441.730011,0,1,1
1.187,101.276001,7.450191,0.389175,442,0,1,1
1.19,98.883003,9.133999,0.466323,442,0,1,1
1.193,96.268005,10.631252,0.527691,442,0,1,1
1.195,93.845001,11.938972,0.575279,442,0,1,1
1.198,91.652,13.153184,0.614965,442.880005,0,1,1
1.2,89.398003,14.357081,0.651956,443,0,1,1
1.203,86.944,15.582523,0.686919,443,0,1,1
1.205,84.278008,16.83226,0.721711,443,0,1,1
1.208,82.220001,18.093912,0.754902,443,0,1,1
1.21,80.162003,19.320499,0.78703,444,0,1,1
1.212,78.210007,20.471458,0.816347,444,0,1,1
1.214,76.372002,21.497282,0.840986,444,0,1,1
1.217,74.735001,22.337927,0.86087,444,0,1,1
1.219,73.260002,22.862755,0.870124,444,0,1,1
1.221,72.195999,23.08346,0.870028,444,0,1,1
1.223,70.880005,23.08873,0.861915,444.200012,0,1,1
1.225,69.232002,23.012642,0.849366,445,0,1,1
1.227,67.550003,22.987888,0.836167,445,0,1,1
1.229,65.696007,23.324329,0.832038,445,0,1,1
1.23,63.842003,24.247938,0.843478,445.309998,0,1,1
1.232,61.954002,25.843052,0.87405,446,0,1,1
1.234,59.886002,28.134195,0.924214,446,0,1,1
1.235,57.900002,31.050552,0.993459,446,0,1,1
1.237,56.527,34.294411,1.076285,446,0,1,1
1.239,55.532001,37.109238,1.152675,446,0,1,1
1.24,54.757004,39.00481,1.206981,446,0,1,1
1.242,54.145,40.465855,1.25086,446,0,1,1
1.243,53.738003,41.818035,1.295498,446,0,1,1
1.245,53.429001,43.069145,1.340137,446,0,1,1
1.246,52.580002,45.36533,1.431044,446,0,1,1
1.248,51.155003,49.406742,1.587635,446,0,1,1
1.249,49.016003,54.91264,1.754779,446,0,1,1
1.251,47.372002,59.350998,1.853379,446,0,1,1
1.252,46.279999,63.11602,1.904473,446.720001,0,1,1
1.253,45.474998,65.902428,1.925511,447,0,1,1
1.255,45.069,67.404495,1.92314,447,0,1,1
1.256,44.760002,68.558655,1.9149,447,0,1,1
1.257,44.451,68.683563,1.885207,447,0,1,1
1.258,44.228001,68.545822,1.850964,447,0,1,1
1.26,44.689499,66.976379,1.737985,447,0,1,1
1.261,45.256001,61.935268,1.572148,447,0,1,1
1.262,46.535004,57.942898,1.494713,447,0,1,1
1.264,48.070004,54.093998,1.429502,447,0,1,1
1.265,49.917,50.22057,1.370837,447,0,1,1
1.267,51.668003,46.092297,1.300266,447,0,1,1
1.268,53.402,42.110012,1.22241,447,0,1,1
1.27,55.198002,38.729332,1.145919,447,0,1,1
1.271,57.440002,35.471035,1.064609,447,0,1,1
1.273,59.424999,31.801126,0.977175,447,0,1,1
1.275,60.897999,29.046116,0.911461,447,0,1,1
1.276,62.051998,26.987593,0.860781,447,0,1,1
1.278,63.312,24.970781,0.810037,447,0,1,1
1.28,64.624001,23.146942,0.760632,447,0,1,1
1.282,66.400002,20.535629,0.688372,447,0,1,1
1.284,69.428001,16.07206,0.558626,447,0,1,1
1.286,71.855003,12.470676,0.446476,447,0,1,1
1.288,73.156006,10.741261,0.389366,447,0,1,1
1.29,74.310005,9.069828,0.332517,447,0,1,1
1.292,75.823997,6.694803,0.248301,447,0,1,1
1.295,78.222,2.68364,0.099301,447,0,1,1
1.297,80.699997,-2.107662,-0.086357,447,0,1,1
1.299,82.436005,-5.62356,-0.226415,447,0,1,1
1.302,83.615997,-7.823489,-0.316418,447.559998,0,1,1
1.304,84.737999,-9.781171,-0.398441,448,0,1,1
1.307,85.931999,-11.478271,-0.472039,448,0,1,1
1.309,87.296005,-12.825181,-0.533872,448,0,1,1
1.312,88.738007,-13.721974,-0.579881,448,0,1,1
1.314,90.250008,-14.148943,-0.608324,448.700012,0,1,1
1.317,91.868004,-14.147798,-0.620134,449,0,1,1
1.319,93.592003,-13.751081,-0.61573,449,0,1,1
1.322,95.422005,-13.038093,-0.59612,449,0,1,1
1.325,97.276001,-11.977203,-0.560079,449.820007,0,1,1
1.328,99.195999,-10.68186,-0.509832,450,0,1,1
1.331,101.153,-9.176815,-0.445571,450,0,1,1
1.334,102.839996,-7.436169,-0.366652,450,0,1,1
1.337,104.487999,-5.431275,-0.270499,450,0,1,1
1.34,106.040001,-3.093149,-0.152498,450,0,1,1
1.343,107.486,-0.437605,-0.012836,450.98999,0,1,1
1.346,108.928001,2.465458,0.142161,451,0,1,1
1.349,110.375,5.461111,0.308401,451,0,1,1
1.352,111.888,8.391675,0.477151,451,0,1,1
1.355,113.040001,11.013071,0.63522,451.100006,0,1,1
1.359,114.443001,13.193061,0.774354,452,0,1,1
1.362,115.543999,14.851889,0.885751,452,0,1,1
1.365,116.490005,15.918965,0.964671,452.190002,0,1,1
1.369,117.366005,16.339287,1.005823,453,0,1,1
1.372,117.625,16.135313,1.005855,453,0,1,1
1.375,117.588005,15.611859,0.981222,453,0,1,1
1.379,117.052002,14.958,0.943142,453.309998,0,1,1
1.382,116.057999,14.367396,0.901557,454,0,1,1
1.385,114.645004,13.99039,0.866415,454,0,1,1
1.389,112.764008,13.916134,0.843089,454,0,1,1
1.392,110.334,14.044705,0.827627,454,0,1,1
1.395,108.010002,14.257158,0.813638,454.450012,0,1,1
1.398,105.600006,14.359603,0.794257,455,0,1,1
1.401,103.229004,14.125607,0.759893,455,0,1,1
1.404,101.066002,13.441954,0.705274,455,0,1,1
1.407,98.846001,12.322853,0.633244,455,0,1,1
1.409,96.639999,10.845768,0.546823,455,0,1,1
1.412,94.477005,9.081746,0.448898,455,0,1,1
1.415,92.075005,7.071122,0.343167,455,0,1,1
1.417,89.431999,4.837503,0.23094,455,0,1,1
1.42,86.753998,2.417559,0.115566,455,0,1,1
1.422,83.853996,-0.196733,-0.002983,455,0,1,1
1.424,80.790001,-3.058313,-0.123927,455,0,1,1
1.427,77.699997,-6.26046,-0.246899,455.799988,0,1,1
1.429,74.444,-9.769941,-0.370839,456,0,1,1
1.431,71.32,-13.531523,-0.493262,456,0,1,1
1.433,68.230003,-17.556438,-0.612524,456,0,1,1
1.435,65.261002,-21.723217,-0.727287,456,0,1,1
1.436,62.461998,-26.142553,-0.837429,456,0,1,1
1.438,59.778,-30.69161,-0.942728,456,0,1,1
1.44,57.299999,-35.270458,-1.042022,456,0,1,1
1.441,54.943001,-39.701485,-1.133637,456,0,1,1
1.443,52.992001,-43.856571,-1.214775,456,0,1,1
1.444,51.182999,-47.167126,-1.279355,456,0,1,1
1.446,49.880001,-49.427555,-1.323668,456,0,1,1
1.447,48.865002,-50.587914,-1.347523,456,0,1,1
1.448,48.015003,-50.61908,-1.350123,456,0,1,1
1.45,47.52,-49.603573,-1.333279,456,0,1,1
1.451,47.177002,-48.051086,-1.304325,456,0,1,1
1.453,47.048,-46.86071,-1.280394,456,0,1,1
1.454,46.784,-46.45895,-1.270655,456,0,1,1
1.455,46.372002,-47.063309,-1.281732,456,0,1,1
1.456,45.995003,-48.737259,-1.31623,456,0,1,1
1.458,45.686001,-50.986004,-1.365221,456,0,1,1
1.459,45.602501,-52.904266,-1.407788,456,0,1,1
1.46,45.860001,-53.84346,-1.431172,456.440002,0,1,1
1.462,46.368,-53.3498,-1.427144,457,0,1,1
1.463,47.094002,-51.227104,-1.389274,457,0,1,1
1.464,47.920002,-48.121216,-1.32586,457,0,1,1
1.466,48.84,-45.054287,-1.257023,457,0,1,1
1.467,49.490002,-42.666195,-1.195324,457,0,1,1
1.469,49.882999,-41.330746,-1.14871,457,0,1,1
1.47,50.448002,-40.926697,-1.121152,457,0,1,1
1.472,50.901001,-41.06971,-1.110624,457,0,1,1
1.473,51.420002,-41.320892,-1.111172,457,0,1,1
1.475,52.176003,-41.472153,-1.118093,457,0,1,1
1.476,53,-41.572994,-1.126149,457,0,1,1
1.478,54.057999,-41.363522,-1.132535,457,0,1,1
1.479,55.271999,-41.056644,-1.138443,457,0,1,1
1.481,56.759998,-40.07597,-1.135785,457,0,1,1
1.482,58.479,-38.264965,-1.117883,457,0,1,1
1.484,60.5,-35.896126,-1.082046,457,0,1,1
1.486,62.839001,-33.123703,-1.017893,457,0,1,1
1.488,65.400002,-28.686485,-0.913003,457,0,1,1
1.49,68.047997,-23.32131,-0.77891,457,0,1,1
1.492,70.726006,-17.853458,-0.630172,458,0,1,1
1.494,73.388,-13.256962,-0.485232,458,0,1,1
1.496,75.633003,-9.473378,-0.361413,458,0,1,1
1.498,77.590004,-6.636321,-0.261047,458,0,1,1
1.501,79.521004,-4.497813,-0.182217,458,0,1,1
1.503,81.223999,-2.985892,-0.123921,458,0,1,1
1.505,82.704002,-1.944254,-0.083623,458,0,1,1
1.508,84.330002,-1.357316,-0.059092,458,0,1,1
1.51,85.860001,-1.003916,-0.04502,458,0,1,1
1.513,87.431999,-0.828591,-0.037723,458,0,1,1
1.515,89.080002,-0.799026,-0.037092,458,0,1,1
1.518,90.728004,-0.907659,-0.041611,458.329987,0,1,1
1.52,92.375999,-1.104757,-0.051062,459,0,1,1
1.523,94.024002,-1.344024,-0.063216,459,0,1,1
1.526,95.671997,-1.63692,-0.077804,459,0,1,1
1.529,97.32,-1.964422,-0.094993,459,0,1,1
1.531,98.872002,-2.351513,-0.115559,459.480011,0,1,1
1.534,100.300003,-2.795211,-0.139255,460,0,1,1
1.537,101.689003,-3.279475,-0.165532,460,0,1,1
1.54,102.972,-3.800867,-0.193516,460,0,1,1
1.543,104.149002,-4.357323,-0.223152,460,0,1,1
1.546,105.282005,-4.909655,-0.252558,460.619995,0,1,1
1.549,106.350006,-5.378105,-0.278542,461,0,1,1
1.552,107.448006,-5.740673,-0.299796,461,0,1,1
1.555,108.581001,-5.989795,-0.314965,461,0,1,1
1.558,109.713997,-6.10049,-0.324321,461.73999,0,1,1
1.562,110.847,-6.100719,-0.328272,462,0,1,1
1.565,111.969002,-6.059237,-0.329865,462,0,1,1
1.568,113.184006,-6.012025,-0.331178,462,0,1,1
1.571,114.334999,-5.984294,-0.333033,462,0,1,1
1.575,115.468002,-5.960689,-0.335563,462.880005,0,1,1
1.578,116.874001,-5.937083,-0.337609,463,0,1,1
1.581,118.410004,-5.827304,-0.335984,463,0,1,1
1.585,119.858002,-5.642582,-0.330305,463,0,1,1
1.588,121.400002,-5.362062,-0.319298,464,0,1,1
1.592,123.136002,-5.030892,-0.303467,464,0,1,1
1.595,124.350006,-4.680243,-0.285297,464,0,1,1
1.599,125.380005,-4.329822,-0.267726,464.079987,0,1,1
1.603,126.399002,-4.030509,-0.252112,465,0,1,1
1.606,127.284004,-3.797658,-0.238206,465,0,1,1
1.61,127.953003,-3.60079,-0.228244,465,0,1,1
1.613,128.860001,-3.487344,-0.221406,465,0,1,1
1.617,129.707001,-3.38765,-0.216154,465.230011,0,1,1
1.621,130.660004,-3.26962,-0.210571,466,0,1,1
1.625,131.748001,-3.138298,-0.203268,466,0,1,1
1.628,132.910004,-2.946243,-0.192388,466,0,1,1
1.632,133.940002,-2.65541,-0.175557,466.339996,0,1,1
1.636,134.970001,-2.275882,-0.153321,467,0,1,1
1.64,136,-1.84181,-0.1267,467,0,1,1
1.644,137.115997,-1.393298,-0.098199,467.429993,0,1,1
1.648,137.938004,-0.976414,-0.070195,468,0,1,1
1.652,138.345001,-0.60995,-0.044217,468,0,1,1
1.656,138.496002,-0.279697,-0.019604,468,0,1,1
1.66,138.070007,0.052389,0.005386,468,0,1,1
1.664,137.229996,0.429166,0.032918,468.570007,0,1,1
1.668,135.839996,0.926723,0.069723,469,0,1,1
1.671,133.498993,1.695403,0.122175,469,0,1,1
1.675,130.916,2.819317,0.19135,469,0,1,1
1.679,128.651001,4.260191,0.27454,469.690002,0,1,1
1.682,126.127998,5.91008,0.365976,470,0,1,1
1.686,124.200005,7.592514,0.455845,470,0,1,1
1.69,122.552002,9.125519,0.537008,470,0,1,1
1.693,121.228004,10.445615,0.605973,470,0,1,1
1.696,120.501999,11.479689,0.662637,470.829987,0,1,1
1.7,120.314003,12.293746,0.709557,471,0,1,1
1.703,120.122002,12.889165,0.748612,471,0,1,1
1.707,120.192001,13.43462,0.785513,471,0,1,1
1.71,120.389999,13.999328,0.822274,471,0,1,1
1.714,120.694008,14.543407,0.857785,471.980011,0,1,1
1.717,121.301003,15.038673,0.889926,472,0,1,1
1.721,121.403999,15.387259,0.912493,472,0,1,1
1.724,121.514,15.588483,0.924296,472.070007,0,1,1
1.728,121.720001,15.617361,0.925839,473,0,1,1
1.731,121.912003,15.457849,0.916088,473,0,1,1
1.734,122.074997,15.106282,0.893813,473,0,1,1
1.738,122.571999,14.434775,0.853758,473.179993,0,1,1
1.741,123.068001,13.437599,0.798699,474,0,1,1
1.745,124.012001,12.200698,0.732182,474,0,1,1
1.749,125.459,10.848976,0.660113,474,0,1,1
1.752,127.090004,9.514214,0.588121,474.299988,0,1,1
1.756,128.462006,8.316045,0.522165,475,0,1,1
1.76,129.724014,7.370435,0.468458,475,0,1,1
1.763,130.528,6.78831,0.434132,475,0,1,1
1.767,131.146011,6.372801,0.408792,475,0,1,1
1.771,131.720001,5.971501,0.384127,475,0,1,1
1.775,132.281998,5.580973,0.360138,475,0,1,1
1.778,133.300003,4.882423,0.314519,475.5,0,1,1
1.782,134.848007,3.491511,0.221272,476,0,1,1
1.786,136.272003,2.114808,0.132563,476,0,1,1
1.79,137.507996,1.028938,0.065415,476,0,1,1
1.794,138.682007,-0.08535,-0.004436,476.619995,0,1,1
1.798,139.675995,-1.251434,-0.081169,477,0,1,1
1.802,140.603012,-2.439978,-0.16513,477,0,1,1
1.806,141.460007,-3.507971,-0.242883,477,0,1,1
1.81,142.35701,-4.489562,-0.308687,477.730011,0,1,1
1.814,143.208008,-5.178716,-0.357002,478,0,1,1
1.818,144.111008,-5.551597,-0.388244,478,0,1,1
1.823,145.12001,-5.708128,-0.40484,478,0,1,1
1.827,146.235016,-5.767716,-0.409958,478.850006,0,1,1
1.831,147.192001,-5.633415,-0.403145,479,0,1,1
1.835,148.020004,-5.325393,-0.383796,479,0,1,1
1.839,148.936996,-4.845713,-0.351528,479,0,1,1
1.844,149.864014,-4.195979,-0.306425,479.959991,0,1,1
1.848,150.692001,-3.330812,-0.247224,480,0,1,1
1.852,151.618011,-2.316219,-0.173135,480.019989,0,1,1
1.857,152.539993,-1.256247,-0.09649,481,0,1,1
1.861,153.356003,-0.254029,-0.02353,481,0,1,1
1.866,154.098999,0.578135,0.041369,481,0,1,1
1.87,154.914001,1.224202,0.091685,481.140015,0,1,1
1.874,154.951996,1.58127,0.12048,482,0,1,1
1.879,154.643005,1.683714,0.129804,482,0,1,1
1.883,154.158005,1.577603,0.121984,482,0,1,1
1.888,152.925003,1.301437,0.099263,482.25,0,1,1
1.892,151.268005,0.842383,0.063528,483,0,1,1
1.896,149.001007,0.207317,0.017049,483,0,1,1
1.9,146.082001,-0.477253,-0.031968,483.339996,0,1,1
1.904,143.375,-1.144864,-0.078658,484,0,1,1
1.908,140.639999,-1.75472,-0.119179,484,0,1,1
1.912,137.997009,-2.271986,-0.151173,484,0,1,1
1.916,135.764999,-2.664577,-0.173734,484.450012,0,1,1
1.92,133.587997,-2.940055,-0.189361,485,0,1,1
1.924,131.783997,-3.129131,-0.199883,485,0,1,1
1.928,130.352005,-3.281996,-0.208073,485.540009,0,1,1
1.931,128.945007,-3.462822,-0.218856,486,0,1,1
1.935,127.640007,-3.812784,-0.239251,486,0,1,1
1.939,126.507004,-4.391243,-0.270875,486.630005,0,1,1
1.942,125.307999,-5.142963,-0.310529,487,0,1,1
1.946,124.002998,-5.913935,-0.352541,487,0,1,1
1.949,123.173996,-6.548085,-0.388263,487,0,1,1
1.953,122.704002,-6.985595,-0.413724,487.73999,0,1,1
1.956,122.369003,-7.204465,-0.429173,488,0,1,1
1.96,122.419998,-7.278033,-0.438733,488,0,1,1
1.963,122.574501,-7.306222,-0.44568,488.829987,0,1,1
1.967,122.685997,-7.388958,-0.456629,489,0,1,1
1.97,122.789001,-7.64656,-0.476953,489,0,1,1
1.974,122.753998,-8.077423,-0.505652,489,0,1,1
1.977,122.702507,-8.613025,-0.541246,489.950012,0,1,1
1.981,122.602997,-9.217381,-0.580091,490,0,1,1
1.984,122,-9.808215,-0.617565,490,0,1,1
1.988,121.273003,-10.373381,-0.650834,491,0,1,1
1.991,120.334,-10.884459,-0.676556,491,0,1,1
1.995,119.174004,-11.245651,-0.692419,491,0,1,1
1.998,117.720001,-11.398746,-0.693483,491.119995,0,1,1
2.001,116.145004,-11.246339,-0.675626,492,0,1,1
2.004,114.358002,-10.863374,-0.643708,492,0,1,1
2.008,112.422005,-10.315167,-0.602327,492,0,1,1
2.011,110.585999,-9.644808,-0.555439,492,0,1,1
2.014,108.680008,-8.924943,-0.50671,492.26001,0,1,1
2.017,106.504005,-8.306836,-0.464557,493,0,1,1
2.02,104.064003,-7.931664,-0.433685,493,0,1,1
2.023,101.730003,-7.775361,-0.413176,493,0,1,1
2.026,99.426003,-7.762985,-0.401156,493,0,1,1
2.029,97.056999,-7.847782,-0.394585,493,0,1,1
2.031,94.688004,-7.979333,-0.38999,493,0,1,1
2.034,92.272003,-8.108134,-0.385695,493.470001,0,1,1
2.036,89.725998,-8.270854,-0.382731,494,0,1,1
2.039,86.944,-8.495453,-0.382419,494,0,1,1
2.041,84.224998,-8.881168,-0.388639,494,0,1,1
2.044,81.533997,-9.562988,-0.405426,494,0,1,1
2.046,78.814003,-10.584916,-0.433698,494,0,1,1
2.048,76.391998,-11.917616,-0.472638,494,0,1,1
2.05,74.125999,-13.541837,-0.521285,494,0,1,1
2.052,71.860001,-15.489664,-0.578498,494,0,1,1
2.054,70.031998,-17.760868,-0.642886,494,0,1,1
2.056,68.080002,-20.330469,-0.71064,494.76001,0,1,1
2.058,65.650002,-23.145298,-0.778247,495,0,1,1
2.06,63.075001,-26.160202,-0.84342,495,0,1,1
2.062,60.500004,-29.263111,-0.898115,495,0,1,1
2.063,57.577,-32.099941,-0.937877,495,0,1,1
2.065,55.130001,-34.349144,-0.960381,495.899994,0,1,1
2.066,53.226002,-35.753574,-0.964728,496,0,1,1
2.068,51.563999,-36.085434,-0.951446,496,0,1,1
2.069,50.411003,-35.051819,-0.921231,496,0,1,1
2.071,49.890003,-33.352654,-0.88185,497,0,1,1
2.072,49.376003,-31.389013,-0.838997,497,0,1,1
2.074,48.771999,-29.417351,-0.797208,497,0,1,1
2.075,48.300003,-27.670746,-0.759433,497,0,1,1
2.076,47.244003,-26.635527,-0.731959,497,0,1,1
2.078,46.007999,-26.057297,-0.716376,497,0,1,1
2.079,44.810001,-26.240185,-0.715707,497,0,1,1
2.08,43.757999,-27.47365,-0.733698,497,0,1,1
2.081,42.600002,-29.747147,-0.77116,497.25,0,1,1
2.082,41.392002,-32.864037,-0.824619,498,0,1,1
2.084,40.300003,-36.954956,-0.884157,498,0,1,1
2.085,39.27,-40.987659,-0.934175,498.329987,0,1,1
2.086,38.240002,-44.81181,-0.9775,499,0,1,1
2.087,37.366001,-48.725342,-1.020576,499.390015,0,1,1
2.088,36.748001,-52.775921,-1.063245,500,0,1,1
2.089,36.265003,-57.060043,-1.109642,500.450012,0,1,1
2.09,36.004002,-61.487171,-1.159621,501,0,1,1
2.091,35.951,-64.707428,-1.196497,501.51001,0,1,1
2.092,36.431999,-65.949829,-1.209052,502.540009,0,1,1
2.093,37.528,-65.258614,-1.201073,503,0,1,1
2.094,39.044003,-62.946842,-1.179302,503.589996,0,1,1
2.095,40.692001,-59.664253,-1.149488,504.619995,0,1,1
2.097,42.535,-55.980595,-1.116494,505,0,1,1
2.098,44.764,-51.915569,-1.079548,505.679993,0,1,1
2.099,47.132999,-47.234505,-1.030863,506,0,1,1
2.101,49.798,-41.856266,-0.964957,506.73999,0,1,1
2.102,52.887001,-35.791164,-0.879339,507,0,1,1
2.104,56.400002,-29.210857,-0.772945,507,0,1,1
2.106,59.723999,-22.820774,-0.651586,507,0,1,1
2.107,63.105003,-17.280729,-0.529456,507,0,1,1
2.109,66.328003,-12.749092,-0.416987,507.880005,0,1,1
2.111,69.157005,-9.130062,-0.316488,508,0,1,1
2.113,71.656006,-6.302172,-0.22755,508,0,1,1
2.115,74.030998,-4.007132,-0.14515,508,0,1,1
2.118,76,-1.695132,-0.057996,508,0,1,1
2.12,77.851006,0.76469,0.039444,508,0,1,1
2.122,79.584,3.391816,0.147018,508,0,1,1
2.124,81.026001,6.130096,0.264381,508.089996,0,1,1
2.127,82.454002,8.824143,0.385733,509,0,1,1
2.129,83.868004,11.374722,0.505894,509,0,1,1
2.132,85.07,13.747455,0.621109,509,0,1,1
2.134,86.120003,15.919882,0.72999,509.200012,0,1,1
2.136,86.969337,17.976112,0.830852,510,0,1,1
2.139,86.832001,19.953047,0.921747,510,0,1,1
2.141,86.694664,21.892395,1.00226,510,0,1,1
2.144,86.312004,23.707525,1.068102,510,0,1,1
2.146,85.139999,25.207529,1.11302,510,0,1,1
2.149,83.841003,26.102945,1.12889,510,0,1,1
2.151,83,26.178118,1.111618,510,0,1,1
2.153,82.098999,25.540302,1.070906,510,0,1,1
2.156,81.516006,24.456495,1.018378,510,0,1,1
2.158,81.202003,23.26268,0.965079,510,0,1,1
2.16,80.996002,22.332426,0.925801,510.519989,0,1,1
2.163,80.845001,21.939377,0.910192,511,0,1,1
2.165,80.829002,22.113785,0.917056,511,0,1,1
2.167,80.880501,22.724787,0.941753,511,0,1,1
2.17,81.089005,23.559473,0.977124,511,0,1,1
2.172,81.266006,24.471622,1.015854,511,0,1,1
2.174,81.714005,25.265739,1.049747,511,0,1,1
2.177,82.043999,25.882013,1.075291,511,0,1,1
2.179,82.0625,26.328232,1.09253,511,0,1,1
2.181,82.011002,26.640152,1.101663,511,0,1,1
2.184,81.878502,26.830603,1.103206,511,0,1,1
2.186,81.724007,26.880335,1.099458,511,0,1,1
2.188,81.787003,26.784307,1.091536,511,0,1,1
2.191,82.245003,26.483847,1.079682,511,0,1,1
2.193,82.668007,25.963602,1.062519,511,0,1,1
2.195,83.650002,25.159399,1.040557,511,0,1,1
2.198,85.268005,24.198435,1.016989,511,0,1,1
2.2,86.713005,23.278036,0.99662,511,0,1,1
2.203,88.059998,22.483685,0.981171,511,0,1,1
2.205,89.584,21.916,0.973963,511,0,1,1
2.208,90.810005,21.66321,0.976187,511,0,1,1
2.211,91.956001,21.474363,0.980534,511,0,1,1
2.213,93.223999,21.267181,0.982344,511,0,1,1
2.216,94.652,20.922031,0.978137,511,0,1,1
2.219,96.094002,20.321342,0.963645,511,0,1,1
2.222,97.608002,19.451136,0.936253,511,0,1,1
2.224,99.359001,18.392769,0.89874,511,0,1,1
2.227,101.049995,17.191849,0.853885,511,0,1,1
2.23,102.595001,15.9483,0.804467,511,0,1,1
2.233,104.139999,14.720796,0.751888,511,0,1,1
2.236,105.607002,13.457538,0.69451,511,0,1,1
2.239,106.945999,12.077856,0.629713,511,0,1,1
2.242,108.360008,10.54783,0.555108,511,0,1,1
2.246,109.858002,8.787704,0.466463,511,0,1,1
2.249,111.300003,6.727347,0.359769,511.5,0,1,1
2.252,112.636002,4.363323,0.234497,512,0,1,1
2.255,113.928001,1.820537,0.097256,512,0,1,1
2.259,115.326004,-0.762586,-0.04576,512,0,1,1
2.262,116.706001,-3.23616,-0.187806,512,0,1,1
2.265,118.044998,-5.405607,-0.317928,512,0,1,1
2.269,119.519997,-7.155191,-0.428561,512,0,1,1
2.272,120.840004,-8.472077,-0.518334,512.700012,0,1,1
2.276,122.003006,-9.458482,-0.590454,513,0,1,1
2.279,123.288002,-10.233579,-0.648208,513,0,1,1
2.283,123.758003,-10.892938,-0.696147,513,0,1,1
2.286,123.718002,-11.586676,-0.74053,513,0,1,1
2.29,123.360001,-12.372773,-0.784512,513,0,1,1
2.293,122.508003,-13.276214,-0.830176,513.880005,0,1,1
2.297,121.035004,-14.280266,-0.877287,514,0,1,1
2.3,120.054001,-15.338403,-0.92515,514,0,1,1
2.303,118.752007,-16.390354,-0.971993,514,0,1,1
2.307,117.908005,-17.429928,-1.017364,514,0,1,1
2.31,117.601997,-18.3242,-1.058657,515,0,1,1
2.314,117.717506,-19.001896,-1.094378,515,0,1,1
2.317,118.078003,-19.524662,-1.121891,515,0,1,1
2.32,118.477005,-19.77516,-1.139667,515,0,1,1
2.324,119.183998,-19.729094,-1.145817,515.140015,0,1,1
2.327,119.802002,-19.540247,-1.145052,516,0,1,1
2.331,120.5,-19.323898,-1.142209,516,0,1,1
2.334,121.520004,-18.996624,-1.132968,516,0,1,1
2.338,122.550003,-18.580198,-1.119616,516.25,0,1,1
2.341,123.580002,-17.825041,-1.090688,517,0,1,1
2.345,124.640999,-16.866596,-1.045974,517,0,1,1
2.348,125.774002,-15.820604,-0.988908,517,0,1,1
2.352,126.944,-14.56216,-0.917419,517.369995,0,1,1
2.356,128.100006,-13.094701,-0.834893,518,0,1,1
2.359,129.087006,-11.6332,-0.750377,518,0,1,1
2.363,130.014008,-10.324794,-0.671407,518,0,1,1
2.367,130.94101,-9.255654,-0.60538,518.48999,0,1,1
2.37,131.706009,-8.460847,-0.554674,519,0,1,1
2.374,132.432007,-7.850532,-0.515199,519,0,1,1
2.378,133.313004,-7.372914,-0.48404,519,0,1,1
2.382,134.240005,-6.96176,-0.457343,519,0,1,1
2.386,135.167007,-6.531584,-0.430537,519,0,1,1
2.39,136.291992,-6.037694,-0.400442,519.659973,0,1,1
2.394,137.459,-5.486738,-0.365855,520,0,1,1
2.398,138.447998,-4.854192,-0.325162,520,0,1,1
2.402,139.375,-4.141662,-0.279147,520,0,1,1
2.406,140.37001,-3.346396,-0.226453,520,0,1,1
2.41,141.240005,-2.446853,-0.167233,520.799988,0,1,1
2.414,142.230011,-1.507202,-0.102609,521,0,1,1
2.418,143.26001,-0.503838,-0.033676,521,0,1,1
2.422,144.201004,0.511214,0.037609,521,0,1,1
2.426,145.312012,1.505181,0.109161,521,0,1,1
2.43,146.540009,2.409537,0.175264,521.950012,0,1,1
2.434,147.677994,3.1718,0.234038,522,0,1,1
2.439,148.813004,3.763551,0.281404,522,0,1,1
2.443,150.115005,4.177456,0.316029,522.030029,0,1,1
2.447,150.630005,4.356677,0.334225,523,0,1,1
2.452,151.118011,4.367907,0.337845,523,0,1,1
2.456,151.251999,4.236126,0.33021,523,0,1,1
2.46,150.810013,3.993192,0.313499,523.150024,0,1,1
2.465,150.084,3.705797,0.290492,524,0,1,1
2.469,148.722,3.403734,0.264502,524,0,1,1
2.473,146.844009,3.125964,0.240169,524,0,1,1
2.477,144.833008,2.884863,0.218882,524.27002,0,1,1
2.481,142.574997,2.724435,0.202344,525,0,1,1
2.485,140.063995,2.659347,0.191707,525,0,1,1
2.489,137.555008,2.667368,0.186481,525,0,1,1
2.493,134.850006,2.708392,0.184582,525.380005,0,1,1
2.497,132.39801,2.769813,0.183925,526,0,1,1
2.5,130.132004,2.817025,0.183269,526,0,1,1
2.504,128.101013,2.853465,0.182313,526,0,1,1
2.508,126.450005,2.854152,0.179725,526.5,0,1,1
2.511,124.852005,2.794106,0.174773,527,0,1,1
2.515,123.330002,2.7006,0.168923,527,0,1,1
2.518,122.120003,2.632761,0.164493,527,0,1,1
2.522,120.602005,2.655451,0.166265,527.609985,0,1,1
2.525,118.748001,2.872946,0.178043,528,0,1,1
2.529,116.760002,3.302664,0.200629,528,0,1,1
2.532,114.629997,3.942772,0.233133,528,0,1,1
2.535,112.321007,4.75133,0.273698,528,0,1,1
2.538,109.952003,5.723067,0.320242,528.76001,0,1,1
2.541,107.662003,6.828646,0.37068,529,0,1,1
2.544,105.314003,8.0369,0.422405,529,0,1,1
2.547,102.716003,9.310241,0.47376,529,0,1,1
2.55,99.950996,10.608563,0.525619,529,0,1,1
2.553,97.709999,11.927512,0.575757,529.900024,0,1,1
2.556,95.547005,13.292068,0.625647,530,0,1,1
2.558,93.671997,14.661209,0.676148,530,0,1,1
2.561,92.313004,15.984969,0.726064,530,0,1,1
2.563,91.180008,17.211557,0.774628,530.02002,0,1,1
2.566,90.190002,18.346931,0.822019,531,0,1,1
2.569,89.959999,19.534557,0.87201,531,0,1,1
2.571,89.410004,20.799191,0.92278,531,0,1,1
2.574,88.496002,22.094534,0.974224,531,0,1,1
2.576,87.672005,23.354582,1.021883,531,0,1,1
2.579,86.829002,24.526165,1.063583,531.190002,0,1,1
2.581,85.945999,25.623953,1.099739,532,0,1,1
2.584,85.300003,26.540226,1.129177,532,0,1,1
2.586,84.916,27.192942,1.149475,532,0,1,1
2.588,84.793007,27.435644,1.159641,532,0,1,1
2.591,85.272003,27.33366,1.162923,532,0,1,1
2.593,86.052002,27.178274,1.167091,532.359985,0,1,1
2.596,86.850998,27.054514,1.174242,533,0,1,1
2.598,87.987999,26.998594,1.185573,533,0,1,1
2.601,89.160004,27.070786,1.201162,533.450012,0,1,1
2.603,89.888,27.225027,1.216394,534,0,1,1
2.606,90.608002,27.284843,1.225297,534,0,1,1
2.609,91.431999,27.087975,1.222321,534.539978,0,1,1
2.611,92.199005,26.459555,1.202303,535,0,1,1
2.614,93.220001,25.25222,1.161075,535,0,1,1
2.617,94.568001,23.66077,1.103512,535.619995,0,1,1
2.619,96.139999,21.856871,1.03635,536,0,1,1
2.622,97.856003,19.976421,0.965034,536,0,1,1
2.625,99.890999,18.120497,0.89192,536.710022,0,1,1
2.628,101.610001,16.414917,0.820757,537,0,1,1
2.631,103.078003,14.850742,0.752481,537,0,1,1
2.634,104.520004,13.408035,0.687416,537,0,1,1
2.637,105.795998,12.105816,0.62573,537,0,1,1
2.64,106.688004,10.890229,0.566873,537,0,1,1
2.643,107.856003,9.778691,0.509578,537,0,1,1
2.646,108.819,8.523227,0.446591,537,0,1,1
2.649,109.840004,7.485485,0.394898,537.940002,0,1,1
2.652,111.063995,6.648279,0.356098,538,0,1,1
2.656,112.200005,5.822074,0.318024,538,0,1,1
2.659,113.439003,5.04308,0.281263,538,0,1,1
2.662,114.772003,4.255836,0.243738,538,0,1,1
2.666,116.008003,3.32902,0.19316,538,0,1,1
2.669,117.243996,2.351325,0.136158,538.119995,0,1,1
2.672,118.465004,1.477908,0.084955,539,0,1,1
2.676,119.604004,0.605179,0.034033,539,0,1,1
2.679,120.82,-0.310866,-0.018355,539,0,1,1
2.683,121.976006,-1.186804,-0.069041,539.22998,0,1,1
2.686,123.211998,-1.941733,-0.113494,540,0,1,1
2.69,124.447998,-2.495669,-0.148426,540,0,1,1
2.693,125.716003,-2.852965,-0.172689,540,0,1,1
2.697,127.019997,-3.080544,-0.188839,540.349976,0,1,1
2.701,128.294006,-3.210949,-0.198959,541,0,1,1
2.704,129.59201,-3.253577,-0.203828,541,0,1,1
2.708,130.815994,-3.204303,-0.202114,541,0,1,1
2.712,132.052002,-3.033562,-0.192688,541.460022,0,1,1
2.716,133.28801,-2.730123,-0.174531,542,0,1,1
2.719,134.524002,-2.280924,-0.146584,542,0,1,1
2.723,135.705002,-1.685965,-0.108855,542,0,1,1
2.727,136.722,-0.958538,-0.061667,542,0,1,1
2.731,137.649002,-0.151584,-0.009298,542.609985,0,1,1
2.735,138.512009,0.630618,0.041834,543,0,1,1
2.739,139.335999,1.309229,0.0866,543,0,1,1
2.743,140.013992,1.798077,0.121168,543.690002,0,1,1
2.747,140.776001,2.041469,0.139829,544,0,1,1
2.751,141.600006,2.052012,0.141964,544,0,1,1
2.755,142.346008,1.86179,0.131046,544,0,1,1
2.759,143.067001,1.514348,0.108485,544.809998,0,1,1
2.763,143.871994,1.040397,0.076045,545,0,1,1
2.768,144.087006,0.484857,0.034148,545,0,1,1
2.772,144.279999,-0.184816,-0.01606,545,0,1,1
2.776,143.928009,-0.954642,-0.075561,545,0,1,1
2.78,143.139999,-1.878479,-0.145054,545.950012,0,1,1
2.784,142.12001,-3.024853,-0.226568,546,0,1,1
2.788,140.169998,-4.436162,-0.318221,546,0,1,1
2.792,137.087997,-5.847013,-0.403756,546.039978,0,1,1
2.796,134.20401,-7.108895,-0.476953,547,0,1,1
2.799,131.26001,-8.174139,-0.535287,547,0,1,1
2.803,127.913994,-9.0267,-0.578759,547,0,1,1
2.807,125.648003,-9.698206,-0.608082,547,0,1,1
2.81,123.458,-10.144197,-0.627877,547.190002,0,1,1
2.814,121.748001,-10.452219,-0.641376,548,0,1,1
2.817,120.608002,-10.666276,-0.651267,548,0,1,1
2.821,119.595001,-10.814099,-0.660177,548,0,1,1
2.824,118.410004,-11.034344,-0.67467,548,0,1,1
2.827,117.804001,-11.471625,-0.697779,548,0,1,1
2.831,116.064003,-12.126631,-0.725808,548,0,1,1
2.834,113.152,-12.840536,-0.751461,548.390015,0,1,1
2.837,110.066002,-13.390347,-0.762174,549,0,1,1
2.84,106.879997,-13.558796,-0.74742,549,0,1,1
2.843,103.267998,-13.256962,-0.707785,549,0,1,1
2.846,100.100006,-12.501116,-0.648157,549,0,1,1
2.849,97.216003,-11.363221,-0.571818,549,0,1,1
2.851,94.444,-9.936557,-0.487679,549.559998,0,1,1
2.854,91.884003,-8.456264,-0.406478,550,0,1,1
2.857,89.349998,-7.14419,-0.335079,550,0,1,1
2.859,86.645004,-6.065654,-0.275992,550,0,1,1
2.861,83.863998,-5.230052,-0.228442,550,0,1,1
2.864,81.012001,-4.523481,-0.186723,550,0,1,1
2.866,78.128006,-3.49972,-0.136119,550,0,1,1
2.868,75.271996,-1.883979,-0.067633,550,0,1,1
2.87,72.388,0.543758,0.024167,550,0,1,1
2.872,69.422005,3.878143,0.14118,550,0,1,1
2.874,66.690002,8.252561,0.28278,550,0,1,1
2.876,64.276001,13.232022,0.436362,550,0,1,1
2.878,61.907001,18.429667,0.588963,550,0,1,1
2.879,59.444,23.560389,0.73287,550,0,1,1
2.881,57.360001,28.349398,0.860519,550,0,1,1
2.883,54.900002,32.498989,0.96172,550,0,1,1
2.884,52.656002,36.094414,1.040722,550,0,1,1
2.886,50.384998,39.486782,1.104512,550,0,1,1
2.887,48.007999,42.749889,1.15697,550.080017,0,1,1
2.888,45.579998,46.095966,1.200391,551,0,1,1
2.889,43.548,49.650597,1.239032,551,0,1,1
2.891,41.710999,53.635632,1.276564,551,0,1,1
2.892,39.939999,57.814556,1.309698,551,0,1,1
2.893,38.132,61.734966,1.332878,551,0,1,1
2.894,36.640003,64.622215,1.337396,551,0,1,1
2.895,35.704002,65.52153,1.310871,551,0,1,1
2.896,35.076,64.254372,1.256099,551,0,1,1
2.897,34.731998,61.151001,1.17869,551,0,1,1
2.898,34.563,56.795834,1.089548,551.369995,0,1,1
2.899,34.619999,52.084976,1.003656,552,0,1,1
2.9,34.885998,48.226681,0.937158,552,0,1,1
2.901,35.23,45.992832,0.899441,552,0,1,1
2.902,35.941002,45.332329,0.892175,552,0,1,1
2.903,36.868,45.951122,0.911983,552,0,1,1
2.904,38.002003,47.184586,0.953167,552,0,1,1
2.905,39.683002,48.490929,1.005893,552,0,1,1
2.906,41.34,49.394367,1.050053,552,0,1,1
2.908,42.403999,49.714077,1.077579,552,0,1,1
2.909,43.294003,49.786732,1.0984,552,0,1,1
2.91,44.359001,49.24884,1.110834,552,0,1,1
2.911,45.564003,48.406132,1.119368,552,0,1,1
2.913,47.925003,46.387486,1.125512,552,0,1,1
2.914,51.486,42.269981,1.109388,552,0,1,1
2.916,54.487,38.993351,1.091575,551.190002,0,1,1
2.917,57.158001,36.232151,1.072149,551,0,1,1
2.919,59.664001,33.627945,1.047414,551,0,1,1
2.921,62.047001,30.830536,1.008767,551,0,1,1
2.923,64.139999,28.018917,0.955168,551,0,1,1
2.925,66.105003,25.754129,0.895789,551,0,1,1
2.927,68.061996,23.872078,0.840425,551,0,1,1
2.929,69.717003,22.148392,0.791109,551,0,1,1
2.931,71.472,20.66489,0.745183,551,0,1,1
2.933,73.319008,19.25931,0.699532,551,0,1,1
2.935,75.070999,17.653883,0.6481,551,0,1,1
2.937,77.040001,15.579773,0.58004,551,0,1,1
2.939,79.085007,13.127285,0.497016,551,0,1,1
2.942,81.042,10.400235,0.40354,551,0,1,1
2.944,82.999001,7.638809,0.305596,551,0,1,1
2.946,84.956001,5.059352,0.209271,550.76001,0,1,1
2.949,86.886002,2.868591,0.123093,550,0,1,1
2.952,88.740005,1.066524,0.048883,550,0,1,1
2.954,90.594002,-0.361974,-0.013422,550,0,1,1
2.957,92.43,-1.449906,-0.062712,550,0,1,1
2.959,94.246002,-2.242422,-0.10085,550,0,1,1
2.962,95.956001,-2.790398,-0.129485,550,0,1,1
2.965,97.648003,-3.188489,-0.152651,550,0,1,1
2.968,99.399002,-3.518971,-0.174014,550,0,1,1
2.971,101.199997,-3.860913,-0.195977,550.5,0,1,1
2.974,102.894997,-4.287881,-0.222668,551,0,1,1
2.977,104.496002,-4.847775,-0.256433,551,0,1,1
2.98,106.026001,-5.515615,-0.296202,551,0,1,1
2.983,107.392998,-6.230895,-0.338195,551,0,1,1
2.986,108.732002,-6.918674,-0.379232,551,0,1,1
2.989,109.937004,-7.426085,-0.411162,551,0,1,1
2.992,110.860001,-7.626391,-0.42758,551,0,1,1
2.995,111.611,-7.536781,-0.428969,551,0,1,1
2.999,112.332001,-7.214779,-0.416656,551,0,1,1
3.002,113.132004,-6.746558,-0.393853,551,0,1,1
3.005,113.177002,-6.175662,-0.364204,551,0,1,1
3.008,113.055504,-5.740443,-0.340343,551,0,1,1
